date,textile_site1_area1_dyeing_line1_temperature,textile_site1_area1_dyeing_line1_pressure,textile_site1_area1_dyeing_line1_pH,textile_site1_area1_dyeing_line1_water_level,textile_site1_area1_dyeing_line1_liquor_ratio,textile_site1_area1_dyeing_line2_temperature,textile_site1_area1_dyeing_line2_pressure,textile_site1_area1_dyeing_line2_pH,textile_site1_area1_dyeing_line2_water_level,textile_site1_area1_dyeing_line2_liquor_ratio,textile_site1_area1_dyeing_line3_temperature,textile_site1_area1_dyeing_line3_pressure,textile_site1_area1_dyeing_line3_pH,textile_site1_area1_dyeing_line3_water_level,textile_site1_area1_dyeing_line3_liquor_ratio,textile_site1_area1_dyeing_line4_temperature,textile_site1_area1_dyeing_line4_pressure,textile_site1_area1_dyeing_line4_pH,textile_site1_area1_dyeing_line4_water_level,textile_site1_area1_dyeing_line4_liquor_ratio,textile_site1_area1_dyeing_line5_temperature,textile_site1_area1_dyeing_line5_pressure,textile_site1_area1_dyeing_line5_pH,textile_site1_area1_dyeing_line5_water_level,textile_site1_area1_dyeing_line5_liquor_ratio
2024-11-06 00:00:00,58.62,0.6,5.28,86.45,6,40.91,0.6,5,82.76,9,61.17,0.6,5,74.78,5,60.67,0.6,5,82.51,5,59.89,0.68,5,79.5,5
2024-11-07 00:00:00,38.05,0.65,5,78.3,6,68.74,0.6,5,58.58,9,33.36,0.6,5.42,70.62,5,56.68,0.71,5.05,77.08,5,46.79,0.6,5.04,83.61,8
2024-11-08 00:00:00,76.23,0.77,5,66.89,6,49.85,0.6,5.05,84.88,5,52.65,0.6,5.39,79.51,7,61.9,0.6,5.43,91.65,5,72.68,0.6,5,79.11,6
2024-11-09 00:00:00,56.41,0.8,5,81.5,7,58.63,0.6,5,85.62,6,98.34,0.6,5,69.28,7,69.7,0.62,5.01,78.88,7,31.34,0.6,5.19,77.32,6
2024-11-10 00:00:00,52.63,0.6,5.11,69.28,6,52.88,0.6,5,79.61,9,57.64,0.79,5,73.8,6,65.67,0.67,5.64,80.87,8,63.7,0.6,5.29,71.68,9
2024-11-11 00:00:00,44.97,0.61,5.1,64.86,8,37.32,0.6,5.22,74.73,10,49.08,0.6,5,69.26,8,36.37,0.6,5.27,75.86,5,70.39,0.61,5,76.46,5
2024-11-12 00:00:00,73.78,0.6,5.24,76.32,6,70.76,0.65,5,87.45,10,84.96,0.68,5,94.76,5,70.42,0.67,5.37,83.53,9,52.97,0.7,5.44,81.76,7
2024-11-13 00:00:00,43.45,0.61,5,77.7,6,60.43,0.6,5,70.28,6,66.52,0.6,5,76.15,10,55.5,0.65,5,59.15,9,68.83,0.6,5,86.65,5
2024-11-14 00:00:00,69.4,0.6,5,63.22,5,76.61,0.6,5,79.05,9,49.69,0.6,5,80.5,8,56.97,0.6,5.61,64.76,8,61.4,0.65,5.23,61.58,5
2024-11-15 00:00:00,51.58,0.75,5,92.42,8,54.25,0.6,5.06,72.68,8,53.57,0.67,5,67.04,5,73.45,0.64,5.15,73.01,8,29.8,0.6,5,76.17,5
2024-11-16 00:00:00,60.43,0.71,5,68.5,8,37.64,0.6,5.1,57.75,5,87.51,0.6,5,80.76,5,72.14,0.65,5.65,90.87,6,39.81,0.6,5.48,88.56,6
2024-11-17 00:00:00,56.54,0.6,5,79.02,5,63.18,0.63,5,77.53,5,85.43,0.6,5.19,65.72,8,100,0.62,5,77.8,8,56.18,0.64,5.01,78.37,10
2024-11-18 00:00:00,68.82,0.75,5.11,68.97,8,75.64,0.7,5,74.8,5,82.21,0.61,5.17,89.78,5,72.85,0.6,5,70.45,6,71.37,0.6,5.14,86.66,9
2024-11-19 00:00:00,71.28,0.6,5,67.96,9,58.65,0.6,5.03,73.58,7,38.2,0.64,5.15,82.39,8,84.43,0.75,5,77.56,8,59.33,0.6,5,76.03,7
2024-11-20 00:00:00,44.12,0.63,5,70.91,5,40.1,0.68,5,76.91,5,47.82,0.6,5.08,84.6,6,59.74,0.6,5,85.02,8,69.26,0.6,5,85.01,5
2024-11-21 00:00:00,75.84,0.67,5,66.04,6,52.49,0.6,5.61,67.85,8,68.99,0.6,5,63.24,6,32.91,0.6,5,68.29,8,57.81,0.68,5,86.5,8
2024-11-22 00:00:00,71.22,0.6,5,72.35,8,74.42,0.63,5,64.68,5,75.09,0.6,5.14,72.17,5,31.09,0.6,5.23,73.85,9,71.04,0.62,5,88.72,10
2024-11-23 00:00:00,75.97,0.6,5,77.45,7,76.29,0.68,5.54,71.67,7,54.83,0.69,5,81.53,7,73.82,0.6,5,62.89,5,91.01,0.6,5.06,77.27,6
2024-11-24 00:00:00,82.8,0.65,5.28,61.75,6,43.25,0.6,5.02,78.9,6,76.47,0.65,5,78.11,5,93.72,0.68,5,67.54,8,61.75,0.6,5.13,56.63,5
2024-11-25 00:00:00,37.67,0.7,5.23,80.27,9,48.98,0.6,5,64.37,5,49.28,0.64,5.01,74.7,9,67.59,0.7,5,85.64,6,71.26,0.68,5.11,75.36,7
2024-11-26 00:00:00,87.9,0.6,5.05,81.48,6,25.26,0.71,5,81.15,6,55.18,0.76,5.23,87.41,7,62.03,0.67,5,71.98,6,52.81,0.6,5,77.51,6
2024-11-27 00:00:00,36.02,0.79,5.52,71.86,7,56.2,0.69,5.19,63.48,8,26.11,0.6,5,66.29,5,60.86,0.62,5,70.94,5,45.42,0.6,5.32,53.38,8
2024-11-28 00:00:00,50.31,0.69,5.13,80.59,9,57.93,0.66,5,69.06,5,62.63,0.7,5,75.77,5,79.87,0.6,5.12,79.29,7,71.39,0.6,5.32,66.53,8
2024-11-29 00:00:00,65.06,0.6,5,79.5,6,100,0.7,5,73.48,8,65.69,0.6,5,78.1,6,51.09,0.6,5.32,84.6,5,67.29,0.6,5,70.27,7
2024-11-30 00:00:00,75.7,0.69,5,83.9,8,57.07,0.6,5,64.6,6,47.48,0.62,5.03,75.56,9,89.15,0.69,5,64.56,7,67.18,0.63,5,60.51,6
2024-12-01 00:00:00,69.44,0.6,5,76.5,5,80.59,0.6,5.01,75.46,7,61.28,0.67,5,92.06,7,71.41,0.67,5.5,58.1,10,60.51,0.63,5,69.24,5
2024-12-02 00:00:00,65.45,0.66,5.19,70.39,5,60.41,0.61,5.06,58.46,8,43.89,0.6,5,65.24,8,34.46,0.74,5.53,79.75,5,40.29,0.74,5,69.72,7
2024-12-03 00:00:00,68.34,0.68,5.46,68.13,7,49.46,0.61,5.58,74.55,6,51.67,0.66,5,80.63,8,68.34,0.6,5.37,72.28,6,44.15,0.65,5,75.32,5
2024-12-04 00:00:00,43.67,0.67,5,72.29,6,68.78,0.77,5.01,64.08,5,53.5,0.6,5.02,80.75,5,58.53,0.61,5.25,56.48,8,68.97,0.78,5,94.33,9
2024-12-05 00:00:00,60.36,0.77,5.25,73.33,6,79.9,0.6,5,80.98,6,56.29,0.62,5,100,5,60.67,0.6,5,81.88,7,79.84,0.66,5.17,50.16,5
2024-12-06 00:00:00,97.49,0.64,5,81.61,6,41.11,0.6,5.02,65.61,9,62.72,0.73,5.26,64.29,8,79.23,0.6,5,78.34,6,65.79,0.62,5.2,64.74,6
2024-12-07 00:00:00,22.65,0.67,5,67.42,5,64.81,0.6,5,80.98,7,72.64,0.6,5.33,79.14,5,70.46,0.72,5,68.64,9,59.63,0.6,5.12,51.53,10
2024-12-08 00:00:00,56.48,0.6,5,69.04,7,73.14,0.61,5.06,67.98,6,70.91,0.6,5.48,81.49,9,64.79,0.6,5,75.25,5,52.36,0.61,5.25,86.68,5
2024-12-09 00:00:00,58.54,0.6,5,70.61,10,41.5,0.6,5.11,85.07,5,47.77,0.78,5.68,75.97,7,61.4,0.68,5,78.58,6,61.06,0.6,5.39,75.54,8
2024-12-10 00:00:00,46.7,0.6,5,89.24,5,61.36,0.77,5.02,73.43,5,72.91,0.72,5,80.33,5,77.18,0.76,5.35,83.87,5,23.79,0.6,5.19,71.06,6
2024-12-11 00:00:00,57.95,0.63,5.08,100,5,59,0.65,5.19,81.43,6,70.64,0.6,5,91.44,5,84.96,0.6,5,72.15,6,65,0.6,5.37,63.59,5
2024-12-12 00:00:00,61.53,0.6,5,65.11,5,66.32,0.6,5.06,76.78,7,67.83,0.72,5,97.16,10,45.71,0.6,5,72.21,5,72.08,0.6,5.48,82.44,7
2024-12-13 00:00:00,56.24,0.64,5.48,61.61,5,87.99,0.6,5.03,78.14,7,29.47,0.64,5.11,79.52,8,65.75,0.79,5,58.72,9,43.7,0.73,5,68.86,6
2024-12-14 00:00:00,58.82,0.65,5.2,59.82,8,49.38,0.6,5.38,76.39,7,78.66,0.6,5.09,68.93,6,51.34,0.6,5.23,59.03,5,62.19,0.72,5,64.87,7
2024-12-15 00:00:00,43.72,0.72,5,75,7,48.81,0.7,5,64.71,8,57.56,0.6,5,86.29,6,63.84,0.65,5.57,79.21,6,85.33,0.6,5.17,67.73,8
2024-12-16 00:00:00,68.92,0.65,5,77.02,5,69.32,0.61,5,78.22,5,54.35,0.6,5.3,86.31,5,67.21,0.6,5.21,91.55,5,61.07,0.6,5,72.39,5
2024-12-17 00:00:00,50.42,0.72,5.66,77.25,7,62.47,0.82,5.11,77.34,5,65.39,0.6,5,62.74,8,49.92,0.6,5.22,73.09,5,83.76,0.6,5,81.03,6
2024-12-18 00:00:00,43.38,0.61,5,71.99,5,59.37,0.64,5.11,72.14,5,52.47,0.62,5,74.32,5,59.71,0.6,5.33,95.12,5,42.82,0.81,5.09,61.99,6
2024-12-19 00:00:00,91.59,0.6,5.17,76.19,7,29.38,0.6,5.54,90.16,8,97.01,0.6,5.09,74.19,10,52.49,0.64,5.32,73.15,5,51.88,0.6,5.01,90.7,9
2024-12-20 00:00:00,51.49,0.66,5,79,9,60.63,0.64,5.63,68.97,8,73.24,0.6,5.25,84.42,9,46.22,0.66,5.15,86.1,7,78.22,0.6,5.63,74.17,9
2024-12-21 00:00:00,52.8,0.6,5.92,100,5,59.09,0.67,5.31,87.11,7,81.83,0.76,5.2,81.39,5,54.59,0.63,5.12,59.13,8,66.12,0.6,5.51,55.8,7
2024-12-22 00:00:00,31.15,0.74,5,75.05,7,55.94,0.78,5,65.26,6,76.83,0.6,5,72.73,9,59.52,0.6,5.05,67.91,9,73.86,0.6,5,79,5
2024-12-23 00:00:00,65.99,0.6,5.51,81.37,5,50.2,0.64,5.25,76,5,61.4,0.6,5,68.24,9,39.27,0.6,5.3,77.65,7,92.73,0.6,5,71.97,7
2024-12-24 00:00:00,44.28,0.76,5.13,70.42,5,52.05,0.6,5,61.11,8,67.15,0.63,5.21,56.13,10,66.92,0.66,5.15,62.15,6,41.07,0.6,5.22,72.94,10
2024-12-25 00:00:00,49.59,0.6,5,76.57,7,51.66,0.6,5,88.75,8,81.53,0.63,5,69.35,6,54.68,0.66,5,72.19,10,81.27,0.67,5.39,76.73,9
2024-12-26 00:00:00,71.18,0.6,5,77.35,7,77.17,0.8,5,81.47,5,50.86,0.6,5,90.86,8,61.91,0.6,5.34,58.53,5,84.45,0.6,5.22,80.05,5
2024-12-27 00:00:00,68.05,0.6,5,99.84,5,65.49,0.6,5,65.47,8,70.13,0.66,5,76.01,5,66.67,0.66,5,83.77,5,42.88,0.6,5,71.55,7
2024-12-28 00:00:00,49.01,0.6,5,66.22,5,69.39,0.6,5,90.38,6,69.67,0.6,5,86.39,10,39.92,0.6,5,80.33,5,78.5,0.6,5,71.38,10
2024-12-29 00:00:00,68.34,0.62,5.17,72.04,5,63.28,0.64,5.24,85.19,5,71.58,0.73,5,75.69,9,59.57,0.6,5,86.54,7,56.24,0.6,5,63.32,6
2024-12-30 00:00:00,66.48,0.6,5.58,66.5,7,68.31,0.68,5.19,78.43,6,48.86,0.79,5,96.26,8,61.07,0.7,5.1,72.52,10,70.37,0.64,5.22,68.99,5
2024-12-31 00:00:00,57.96,0.6,5,78.27,10,49.49,0.73,5,81.93,5,58.27,0.6,5,70.74,5,80.15,0.6,5,81.97,7,80.99,0.61,5.39,66.31,7
2025-01-01 00:00:00,45.88,0.6,5.15,75.6,8,79.41,0.76,5,68.81,8,34.59,0.66,5,73.8,6,67.71,0.6,5,64.15,5,50.43,0.6,5.02,86.19,8
2025-01-02 00:00:00,67.27,0.6,5.28,63.73,5,67.42,0.66,5,88.16,6,70.33,0.62,5.15,69.98,7,65.02,0.63,5,76.87,7,69.64,0.6,5,75.66,5
2025-01-03 00:00:00,37.01,0.67,5,76.62,7,75.31,0.6,5.15,52.6,5,54.72,0.6,5.05,65.14,8,50.55,0.65,5,91.17,5,72.02,0.68,5.24,65.03,7
2025-01-04 00:00:00,66.07,0.72,5,76.7,5,59.88,0.71,5.04,80.04,7,36.74,0.6,5,74.06,8,55.95,0.72,5,84.47,5,37.47,0.6,5.14,76.64,8
2025-01-05 00:00:00,60.19,0.6,5,74.84,9,65.35,0.6,5.11,70.77,5,53.2,0.6,5,75.27,7,44.59,0.63,5,70.88,8,46.21,0.6,5,83.62,6
2025-01-06 00:00:00,41.52,0.93,5.2,71.03,7,69.08,0.66,5,71.09,9,71.87,0.6,5.25,92.22,7,38.7,0.6,5.08,95.34,7,39.68,0.63,5,71.56,10
2025-01-07 00:00:00,44.2,0.6,5,81.96,8,59.99,0.77,5.33,69.75,8,66.47,0.7,5,70.86,7,57.34,0.66,5.06,79.28,5,61.3,0.74,5,98.85,7
2025-01-08 00:00:00,97.74,0.6,5.45,75.98,8,46.82,0.73,5.2,73.11,7,79.97,0.65,5,68.08,5,48.24,0.64,5,70.22,6,68.1,0.6,5,81.84,8
2025-01-09 00:00:00,29.41,0.79,5.29,76.03,7,63.48,0.6,5,80.52,9,65.47,0.68,5.08,78.37,7,67.07,0.61,5,83.14,7,64.79,0.72,5,78.31,5
2025-01-10 00:00:00,61.42,0.65,5,75.81,6,80.25,0.67,5,79.73,6,56.88,0.6,5,73.18,5,79.26,0.6,5.14,81.3,7,50.51,0.6,5,87.89,7
2025-01-11 00:00:00,55.28,0.6,5.15,69.15,9,69.16,0.6,5.05,82.94,9,42.76,0.6,5,67.28,5,34.15,0.6,5.13,93.35,5,65.74,0.78,5,79.02,6
2025-01-12 00:00:00,67.35,0.6,5.07,73.07,6,46.76,0.6,5.15,84.37,8,89.29,0.6,5.18,81.01,8,50.04,0.71,5.04,80.28,6,71.9,0.6,5.18,73.19,7
2025-01-13 00:00:00,65.32,0.74,5,74.8,8,65.97,0.6,5,86.37,8,82.84,0.6,5.09,73.91,5,71.19,0.75,5,66.21,10,83.33,0.63,5,59.59,10
2025-01-14 00:00:00,74.26,0.77,5,68.21,5,73.27,0.6,5,63.73,5,39.14,0.6,5,68.74,8,32.24,0.6,5,73.46,5,89.41,0.62,5,67.34,10
2025-01-15 00:00:00,71.41,0.6,5.04,81.48,5,65.85,0.6,5.13,70.32,6,34.35,0.67,5,83.37,5,76.83,0.71,5.74,65.22,5,69.98,0.6,5.47,73.01,6
2025-01-16 00:00:00,60.17,0.6,5,62.98,8,51.56,0.6,5,94.11,6,73.91,0.6,5.23,81.67,5,45.26,0.76,5,77.65,6,59.03,0.6,5.04,67.84,8
2025-01-17 00:00:00,39.36,0.6,5.37,81,6,42.32,0.73,5,76.86,6,100,0.68,5,73.05,8,64.19,0.6,5,71.63,6,52.28,0.6,5.55,78.99,8
2025-01-18 00:00:00,55.93,0.67,5,68.98,6,76.14,0.67,5,94.6,8,55.44,0.6,5.17,77.58,7,87.13,0.6,5,61.77,5,60.99,0.64,5,77.4,9
2025-01-19 00:00:00,68.13,0.61,5,66.78,8,65.12,0.7,5,67.47,5,72.29,0.6,5,73.74,5,64.35,0.65,5,77.05,9,57.17,0.6,5,61.91,9
2025-01-20 00:00:00,68.03,0.64,5.2,74.05,5,100,0.6,5,69.21,5,61.52,0.69,5.57,68.94,7,77.41,0.8,5,76.45,7,64.5,0.6,5,83.03,7
2025-01-21 00:00:00,77.4,0.64,5,72.02,5,68.5,0.73,5,80.5,8,75.9,0.6,5.36,64.93,6,39.56,0.6,5.14,81.2,6,79.31,0.74,5.81,66.76,7
2025-01-22 00:00:00,57.52,0.76,5.5,82.15,6,71.02,0.88,5.28,69.62,8,74.64,0.77,5,56.74,5,71.46,0.6,5.07,61.85,7,62.95,0.6,5.41,63.44,8
2025-01-23 00:00:00,42.31,0.6,5.36,65.45,9,51.56,0.7,5,84.01,5,61.31,0.64,5.3,67.94,7,56.15,0.71,5,93.32,10,74.04,0.6,5.02,66.2,9
2025-01-24 00:00:00,51.82,0.6,5.03,64.39,8,68.87,0.6,5,72.72,8,67.83,0.83,5.01,80.93,7,51.02,0.6,5.21,96.92,7,88.19,0.6,5,75.98,7
2025-01-25 00:00:00,64.06,0.6,5.45,75.85,7,85.44,0.6,5.83,79.98,7,69.76,0.62,5.02,68.13,5,59.4,0.6,5.41,73.6,5,77.65,0.6,5.24,86.06,10
2025-01-26 00:00:00,74.7,0.6,5.5,91.46,5,63.7,0.64,5,57.42,8,69.72,0.65,5,83.1,7,42.79,0.68,5.85,81.83,5,42.91,0.6,5.11,59.11,8
2025-01-27 00:00:00,75.1,0.6,5,63.47,7,57.44,0.6,5,85.45,6,43.29,0.74,5.08,83.38,5,67.32,0.6,5.28,71.52,8,24.11,0.6,5.21,76.34,7
2025-01-28 00:00:00,71.73,0.6,5,86.06,6,36.56,0.69,5,75.36,7,43.01,0.6,5,84.36,8,56.05,0.6,5.37,65.98,6,53.65,0.6,5,69.11,8
2025-01-29 00:00:00,41.27,0.61,5,96.18,5,60.16,0.6,5,62.35,5,37.19,0.61,5,84.22,5,42.56,0.6,5.15,54.55,5,64.16,0.64,5.53,90.59,8
2025-01-30 00:00:00,53.64,0.6,5,69.92,5,24.98,0.64,5,70.93,7,61.87,0.68,5,64.78,5,64.58,0.6,5,62.35,7,51.49,0.6,5.06,87.62,9
2025-01-31 00:00:00,68.29,0.6,5.28,87.07,10,68.1,0.6,5,66.34,7,68.51,0.6,5.37,70.38,5,72.05,0.6,5,89.33,5,85.77,0.6,5,66.99,7
2025-02-01 00:00:00,64.94,0.6,5.23,74.16,7,72.66,0.6,5,78.61,6,51.33,0.64,5.08,62.64,9,75.53,0.62,5.3,75.29,10,78.08,0.74,5,75.19,5
2025-02-02 00:00:00,72.95,0.6,5.03,70.18,6,43.83,0.6,5.43,76.89,10,52.71,0.6,5.42,68.69,5,51.89,0.6,5,85.75,6,69.45,0.6,5.26,72.18,5
2025-02-03 00:00:00,41.59,0.62,5.65,71.42,8,52.06,0.63,5,80.86,8,73.41,0.6,5,75.9,5,80.99,0.61,5.31,76.32,7,58.95,0.77,5.26,72.14,7
2025-02-04 00:00:00,69.37,0.6,5,71.45,8,55.48,0.6,5.31,71.68,6,51.68,0.6,5.73,75.62,6,75.86,0.6,5,91.68,8,52.29,0.6,5.38,86.09,8
2025-02-05 00:00:00,20,0.64,5.26,65.25,7,31.84,0.6,5.39,59.58,6,68.81,0.67,5.32,64.2,5,64.86,0.76,5,75.55,7,70.25,0.69,5.47,91.4,9
2025-02-06 00:00:00,52.62,0.6,5,74.2,6,40.23,0.6,5.04,79.43,10,80.83,0.63,5,77.11,7,54.96,0.64,5.67,65.97,5,94.21,0.6,5.21,79.96,9
2025-02-07 00:00:00,61.04,0.67,5,68.82,5,50.84,0.73,5.04,62.66,5,65.27,0.6,5.57,79.38,6,50.15,0.8,5,45.24,5,72.96,0.6,5,74.05,5
2025-02-08 00:00:00,54.75,0.6,5.06,93.63,10,41.52,0.72,5.21,100,5,73.99,0.6,5.06,87.38,7,90.56,0.6,5.29,81.21,6,59.56,0.6,5,100,7
2025-02-09 00:00:00,73.04,0.6,5.35,88.4,8,67.78,0.6,5,63.22,6,60.32,0.6,5.26,59.69,8,93.74,0.6,5,82.22,7,72.39,0.6,5.17,69.29,10
2025-02-10 00:00:00,56.75,0.7,5,74.23,7,67.04,0.69,5,78.48,5,36.46,0.62,5,79.01,6,58.88,0.6,5.06,64,8,61.09,0.78,5.36,84.36,5
2025-02-11 00:00:00,60.26,0.75,5.44,74.08,7,57.47,0.6,5.4,92.16,7,39.23,0.68,5,92.53,5,77.66,0.6,5.56,57.99,8,47.54,0.7,5,70.51,9
2025-02-12 00:00:00,70.35,0.69,5,84.3,5,67.22,0.6,5,72.52,6,71.52,0.62,5,73.27,5,75.39,0.6,5,69.21,5,57.49,0.67,5.27,70.81,7
2025-02-13 00:00:00,46.75,0.6,5.35,100,9,35.86,0.6,5,98.17,5,58.13,0.62,5,75.09,9,69.56,0.6,5,91.71,5,68.87,0.6,5,85.78,8
2025-02-14 00:00:00,82.46,0.6,5,91.31,10,58.58,0.64,5,79.43,7,87.86,0.64,5.27,63.09,8,47.35,0.6,5.22,85.61,6,37.47,0.6,5,82.47,7
2025-02-15 00:00:00,50.3,0.6,5,82.37,5,60.41,0.6,5.55,61.93,9,43.51,0.6,5,78.46,6,75.67,0.6,5.44,76.5,6,60.4,0.78,5.52,62.74,5
2025-02-16 00:00:00,69.07,0.61,5,92.4,7,59.89,0.6,5.23,76.22,5,86.57,0.6,5,82.45,9,40.35,0.6,5.37,81.19,6,69.35,0.71,5,85.54,9
2025-02-17 00:00:00,63.22,0.76,5.66,59.09,10,53.04,0.67,5,73.12,9,41.14,0.6,5.04,68.11,5,54.76,0.65,5,68.68,6,81.12,0.67,5,72.37,6
2025-02-18 00:00:00,53.65,0.72,5,59.5,6,58.15,0.61,5.24,78.9,5,28.59,0.6,5.15,56.14,6,54.26,0.64,5.03,71.88,7,72.42,0.6,5.26,70.48,6
2025-02-19 00:00:00,61.57,0.6,5,79.05,5,71.19,0.63,5,86,5,46.53,0.6,5,62.98,9,88.2,0.6,5.23,65.25,10,49.52,0.81,5,81.28,5
2025-02-20 00:00:00,64.67,0.64,5,67.15,5,53.58,0.62,5.05,70.27,5,79.3,0.68,5,73.72,6,31.56,0.6,5,75.54,5,56.3,0.6,5,70.89,5
2025-02-21 00:00:00,52.99,0.63,5,75.61,8,34.49,0.6,5,80.66,7,43.81,0.69,5.1,66.38,8,77.58,0.78,5.41,86.52,8,67.45,0.6,5.15,73.67,5
2025-02-22 00:00:00,93.01,0.6,5.41,73.12,6,54.25,0.66,5,63.79,8,83.28,0.64,5,82.15,8,48.43,0.78,5,54.15,9,73.33,0.64,5,84.97,10
2025-02-23 00:00:00,44.79,0.6,5.49,77.04,8,52.55,0.6,5,67,7,64.79,0.6,5,74.17,9,43.52,0.6,5.1,86.14,7,86.61,0.6,5,79.06,6
2025-02-24 00:00:00,60.02,0.72,5.63,78.44,5,40.38,0.61,5.14,73.01,10,62.88,0.6,5,73.5,5,47.84,0.8,5,83.95,8,65.15,0.6,5,71.91,9
2025-02-25 00:00:00,76.92,0.6,5.18,71.78,8,64.39,0.6,5.58,81.2,7,79.75,0.74,5,62.16,6,85,0.6,5,65.5,8,48.38,0.6,5,68.71,9
2025-02-26 00:00:00,67.62,0.6,5,71.11,6,72.4,0.75,5.36,60.97,7,54.87,0.6,5.51,88,10,65.45,0.6,5.17,79.58,9,75.07,0.6,5,74.45,8
2025-02-27 00:00:00,76.19,0.6,5,83.98,5,71.23,0.62,5,69.79,5,76.12,0.63,5.23,90.07,5,76.97,0.67,5,84.27,10,69.6,0.6,5,72.92,5
2025-02-28 00:00:00,37.01,0.6,5.45,74.34,7,64.39,0.75,5,83.61,10,50.69,0.6,5,50.76,8,52.08,0.6,5.35,83.78,7,76.67,0.6,5,85.8,7
2025-03-01 00:00:00,56.49,0.61,5,72.14,7,61.96,0.68,5.44,72.41,5,54.2,0.6,5,58.45,8,68.96,0.75,5.09,76.87,6,70.82,0.6,5,83.62,8
2025-03-02 00:00:00,60.58,0.7,5,71.78,5,37.95,0.6,5,67.76,8,76.21,0.6,5.27,72.59,5,74.44,0.69,5,83.06,5,60.37,0.6,5.1,50.71,7
2025-03-03 00:00:00,78.88,0.81,5,67.14,7,44.82,0.65,5,80.98,8,51.65,0.6,5,88.52,7,37.16,0.6,5,91.47,10,28.16,0.67,5,58.08,8
2025-03-04 00:00:00,47.68,0.84,5,64.28,5,70.27,0.68,5,71.62,8,46,0.66,5,82.03,5,63.24,0.6,5,70.54,6,50.6,0.6,5,72.98,5
2025-03-05 00:00:00,59.17,0.6,5.35,89.35,5,34.06,0.6,5.29,70.84,6,63.13,0.6,5,80.01,7,67.39,0.63,5,59.27,5,56.85,0.62,5.01,80.05,7
2025-03-06 00:00:00,88.2,0.6,5,62.19,5,49.29,0.6,5.5,73.36,5,72.03,0.83,5.02,76,10,67.25,0.6,5.09,76.12,7,71.23,0.7,5.33,79.12,5
2025-03-07 00:00:00,65.76,0.6,5.43,76.57,5,77.47,0.7,5,87.26,9,70.9,0.74,5,72.16,7,59.02,0.6,5.04,86.85,7,71.18,0.67,5.22,72.5,7
2025-03-08 00:00:00,66.5,0.64,5.27,74.4,7,41.44,0.6,5,82.07,6,43.5,0.6,5.3,68.35,8,41.02,0.61,5.16,80.39,8,47.47,0.6,5.12,93.82,5
2025-03-09 00:00:00,59.05,0.6,5.07,73.08,6,61.16,0.6,5,92.89,8,52.77,0.62,5,80.91,8,60.3,0.6,5.06,90.47,7,77.08,0.73,5,86.48,7
2025-03-10 00:00:00,77.84,0.63,5,79.07,5,73.98,0.69,5,76.48,6,43.72,0.66,5,44.06,8,67.32,0.6,5.27,84.26,8,64.54,0.6,5.22,69.17,7
2025-03-11 00:00:00,31.93,0.67,5,100,5,42.84,0.67,5,70.16,7,43.15,0.7,5.15,68.96,8,68,0.6,5.09,53.85,7,85.12,0.66,5.27,81.02,7
2025-03-12 00:00:00,47.77,0.67,5.03,92.6,7,29.27,0.83,5,63.69,7,73.11,0.6,5.05,99.56,5,45.98,0.84,5,71.57,5,78.24,0.69,5,69.73,8
2025-03-13 00:00:00,51.51,0.65,5.22,72.31,7,41.32,0.6,5,74.91,8,46.11,0.6,5,73.71,5,48.83,0.71,5.05,85.64,6,67,0.6,5,72.16,7
2025-03-14 00:00:00,61.92,0.71,5.53,59.17,5,62.83,0.65,5,76,8,63.1,0.7,5,63.57,9,73.68,0.65,5.38,65.99,7,70.71,0.6,5,82.68,10
2025-03-15 00:00:00,60.04,0.6,5,77.46,6,52.54,0.6,5.16,63.94,10,52.47,0.6,5.41,92.28,5,38.23,0.6,5.1,76.6,6,63.72,0.69,5.03,55.08,8
2025-03-16 00:00:00,28.03,0.6,5.22,73.41,5,77.41,0.71,5,91.25,6,58.02,0.6,5.15,63.88,7,67.01,0.79,5.04,73.39,6,79.36,0.66,5,86.66,5
2025-03-17 00:00:00,61.66,0.6,5.19,66.27,5,77.77,0.6,5.08,81.33,6,55.48,0.73,5,69.94,5,57.83,0.6,5.4,62.41,5,55.73,0.76,5.31,74.06,7
2025-03-18 00:00:00,47.2,0.6,5.32,82.56,6,43.39,0.6,5.3,58.99,10,50.24,0.62,5,76.07,5,63.25,0.6,5.13,92.58,5,53.62,0.6,5.03,70.66,8
2025-03-19 00:00:00,100,0.64,5.07,71.79,9,66.43,0.6,5,79.94,5,79.49,0.7,5,65.58,6,96.81,0.67,5,83.46,5,47.91,0.64,5,78.24,8
2025-03-20 00:00:00,55.93,0.71,5,70.32,6,59.46,0.6,5,73.63,8,55.14,0.71,5.29,54.1,10,63.59,0.82,5.06,80.94,5,53.43,0.6,5,78.52,6
2025-03-21 00:00:00,75.88,0.6,5,92.51,6,65.16,0.74,5,76.37,9,37.4,0.6,5,65.73,5,85.65,0.6,5.17,71.53,5,52.2,0.6,5.36,62.23,8
2025-03-22 00:00:00,51.68,0.6,5.13,84.91,5,51.32,0.7,5.15,83.97,5,46.8,0.6,5.53,70.29,5,50.32,0.63,5.18,67.82,5,62.46,0.62,5,72.21,8
2025-03-23 00:00:00,56.33,0.6,5.36,72.65,5,47.3,0.72,5.06,63.61,6,46.77,0.69,5.26,79.77,5,62.92,0.67,5,63.8,6,69.17,0.66,5,78.9,5
2025-03-24 00:00:00,47.2,0.65,5,90.12,8,54.09,0.6,5,72.62,9,72.58,0.64,5.38,84.7,9,53.05,0.62,5,75.02,5,38.43,0.78,5.48,59.25,7
2025-03-25 00:00:00,72.72,0.66,5,77.62,5,72.17,0.68,5.49,92.83,5,66.16,0.6,5.05,76.34,8,65.63,0.6,5,81.71,6,42.98,0.79,5.06,67.48,8
2025-03-26 00:00:00,79.88,0.66,5,70.34,6,59.43,0.6,5,85.34,9,66.94,0.6,5.01,81.35,5,57.56,0.62,5.45,61.27,6,48.31,0.6,5.35,78.82,6
2025-03-27 00:00:00,41.02,0.6,5.02,69.6,5,64.52,0.6,5,87.17,5,67.95,0.6,5.01,64.09,5,45.81,0.72,5,90.39,7,65.06,0.6,5,81.47,8
2025-03-28 00:00:00,67.76,0.68,5,71.23,10,66.13,0.77,5.26,69.84,5,72.98,0.6,5,88.65,6,68.21,0.6,5,81.77,9,41.19,0.67,5,77.88,9
2025-03-29 00:00:00,71.72,0.88,5.43,71.93,9,62.91,0.6,5.48,68.35,9,53.99,0.69,5,89.81,5,69.66,0.7,5.28,84.76,5,59.92,0.6,5.04,89.22,7
2025-03-30 00:00:00,80.83,0.6,5.04,65.87,9,54.41,0.69,5,59.57,7,59.89,0.65,5,92.55,8,62.19,0.6,5.29,77.02,9,61.18,0.6,5.15,53.71,6
2025-03-31 00:00:00,52.91,0.6,5,70.33,10,39.34,0.75,5.64,77.03,8,71.01,0.6,5,63.66,5,52.44,0.67,5.27,76.49,5,57.38,0.61,5,71.59,5
2025-04-01 00:00:00,83.82,0.72,5,61.01,8,60.05,0.6,5.28,96.03,10,72.94,0.72,5.18,82.31,7,56.42,0.6,5,65.4,5,56.61,0.6,5,71.84,5
2025-04-02 00:00:00,43.7,0.6,5,60.43,7,67.8,0.6,5,66.83,5,47.82,0.64,5.27,72.29,5,59.22,0.78,5,93.56,8,49.69,0.7,5,57.64,5
2025-04-03 00:00:00,65.4,0.6,5,78.01,8,62.34,0.69,5,82.43,9,81.67,0.62,5.27,71.87,6,79.06,0.6,5,88.5,5,71.35,0.6,5,76.81,7
2025-04-04 00:00:00,55.06,0.73,5,80.76,8,52.06,0.6,5.53,71.26,5,63.84,0.6,5,77.82,8,47.32,0.6,5,81.5,8,46.56,0.68,5,73.56,10
2025-04-05 00:00:00,57.99,0.6,5.77,73.22,9,77.08,0.69,5,75.33,6,74.03,0.6,5.42,71.71,7,38.14,0.6,5,71.04,6,81.65,0.6,5,67.71,9
2025-04-06 00:00:00,78.84,0.67,5.87,63,5,50,0.6,5,92.21,5,47.55,0.65,5.43,70.26,5,48.35,0.8,5.12,69.64,5,64.5,0.66,5,60.43,7
2025-04-07 00:00:00,70.45,0.6,5,71.5,5,70.98,0.6,5.01,73.58,7,38.81,0.6,5,80.35,6,66.11,0.81,5,86.03,6,28.76,0.6,5,81.67,6
2025-04-08 00:00:00,100,0.6,5.03,60.35,8,77.02,0.77,5,82.3,8,66.64,0.6,5.23,68.41,8,54.29,0.6,5,74.1,8,43.3,0.67,5,77.57,7
2025-04-09 00:00:00,61.33,0.6,5.07,61.4,6,71.32,0.73,5.24,62.34,5,53.54,0.6,5.36,61.21,5,53.31,0.6,5,75.72,10,61.68,0.6,5.1,77.33,7
2025-04-10 00:00:00,51.27,0.65,5,67.25,7,71.99,0.64,5,57.89,6,66.74,0.6,5,70.33,6,38.75,0.6,5,89.69,7,52.65,0.7,5,63.1,6
2025-04-11 00:00:00,80.28,0.6,5,78.12,7,64.52,0.67,5,72.25,7,46,0.68,5,82.62,5,58.82,0.63,5.26,100,7,60.28,0.63,5.25,70.69,8
2025-04-12 00:00:00,66.33,0.6,5,94.22,5,53.52,0.6,5,73.82,8,73.48,0.6,5.25,82.36,8,39.61,0.6,5,61.81,6,29.71,0.66,5,70.82,6
2025-04-13 00:00:00,55.83,0.6,5,80.17,6,39.19,0.6,5,84.33,9,48.76,0.6,5,83.73,7,55.87,0.63,5,79.5,8,64.05,0.6,5,71.96,5
2025-04-14 00:00:00,82.3,0.6,5,69.21,5,64.79,0.6,5.12,79.35,6,73.37,0.65,5,89.59,10,52.99,0.72,5,72.78,8,55.09,0.78,5,83.7,7
2025-04-15 00:00:00,84.48,0.72,5,63.85,5,66.78,0.78,5,56.75,6,62,0.62,5.05,75.99,6,21.67,0.6,5.32,77.96,10,76.88,0.7,5.51,76.07,5
2025-04-16 00:00:00,40.33,0.69,5.24,79.06,5,39.61,0.62,5.15,95.71,8,67.2,0.6,5,70.75,9,46.07,0.6,5,70.26,8,40.57,0.6,5,66.31,10
2025-04-17 00:00:00,56.89,0.7,5.17,82.68,10,89.63,0.6,5,73.55,7,60.56,0.6,5,79,5,48.92,0.85,5.39,94.21,6,79.48,0.6,5,96.16,8
2025-04-18 00:00:00,80.46,0.6,5.2,69.91,6,70.14,0.6,5.2,79.27,5,44.02,0.6,5,81.55,5,51.24,0.68,5.07,73.03,5,39,0.6,5.27,78.99,5
2025-04-19 00:00:00,51.12,0.65,5.19,83.03,5,68.57,0.78,5,83.57,6,50.95,0.61,5.11,60.5,6,47.52,0.67,5.36,67.08,5,71.85,0.62,5.14,72.49,5
2025-04-20 00:00:00,88.13,0.6,5,84.56,8,65.56,0.67,5,73.62,6,70.46,0.62,5,66.54,5,58.91,0.69,5.03,77,5,56.47,0.6,5.75,56.03,6
2025-04-21 00:00:00,60.65,0.76,5.17,72.85,8,62.18,0.67,5.29,79.18,8,53.06,0.77,5,65.17,8,100,0.68,5,83.49,10,59.75,0.71,5,53.03,10
2025-04-22 00:00:00,68.95,0.79,5,73.28,9,71.89,0.62,5,76.49,5,43.39,0.6,5,75.53,6,61.61,0.65,5,82.6,8,67.37,0.6,5.28,72.32,6
2025-04-23 00:00:00,65.26,0.75,5.25,65.29,6,68.11,0.6,5,80.46,5,69.81,0.6,5,86.19,8,59.51,0.71,5.49,76.7,6,78.38,0.6,5.06,54.75,5
2025-04-24 00:00:00,46.12,0.65,5,59.24,8,47.14,0.6,5.07,64.57,6,75.19,0.75,5,69.83,7,45.97,0.62,5,69.62,9,46.62,0.65,5,53.98,5
2025-04-25 00:00:00,60.16,0.66,5.15,71.6,5,60.27,0.64,5,50.88,5,56.89,0.67,5.37,73.76,7,62.61,0.6,5,81.33,5,67.65,0.71,5,77.25,5
2025-04-26 00:00:00,52.03,0.6,5,73.85,8,69.93,0.61,5,72.25,5,95.04,0.8,5,52.42,7,74.41,0.6,5.01,52.93,7,72.84,0.67,5.04,80.36,5
2025-04-27 00:00:00,56.27,0.6,5.4,67.17,6,57.15,0.69,5,76.85,7,58.14,0.6,5.18,81.1,5,60.85,0.6,5.36,57.33,10,60.03,0.61,5,62.41,7
2025-04-28 00:00:00,78.89,0.69,5,67.64,7,80.33,0.6,5,82.99,6,65.24,0.73,5,68.74,6,67.03,0.63,5,55.45,5,23.59,0.63,5.18,63.1,10
2025-04-29 00:00:00,72.58,0.71,5.07,81.18,5,71.16,0.6,5,97.14,5,72.59,0.6,5,83.24,9,75.17,0.62,5,82.47,6,33.42,0.6,5,77.84,7
2025-04-30 00:00:00,59.07,0.6,5,70.93,5,69.48,0.6,5.43,79.57,7,20,0.6,5,91.5,5,88.74,0.63,5.07,65.33,9,69.19,0.6,5,80.09,8
2025-05-01 00:00:00,66.73,0.6,5.4,96.61,6,68.88,0.6,5.03,90.98,5,59.91,0.6,5.44,70.06,8,39.04,0.76,5,91.89,10,43.22,0.64,5,61.11,7
2025-05-02 00:00:00,85.46,0.6,5.26,77.08,6,76.07,0.64,5,55.76,5,57.46,0.6,5,68.8,5,50.63,0.64,5,77.99,6,74.57,0.6,5.23,64.75,9
2025-05-03 00:00:00,62.05,0.6,5.45,83.07,5,24.33,0.82,5.29,65.7,10,47.73,0.7,5.05,75.16,7,35.04,0.75,5,79.26,5,69.28,0.76,5,59.26,9
2025-05-04 00:00:00,56.42,0.6,5,69.78,10,37.76,0.6,5,73.55,9,66.34,0.68,5.25,94.27,5,39.48,0.6,5,78.14,8,59.42,0.71,5.24,73.6,8
2025-05-05 00:00:00,73.58,0.6,5.15,69.52,7,54.47,0.68,5,69.95,7,61.59,0.6,5,79.58,7,66.59,0.71,5,65.94,7,51.91,0.6,5.22,72.92,6
2025-05-06 00:00:00,53.96,0.6,5,67.21,5,44.51,0.74,5.22,74.16,6,30.48,0.6,5.28,61.08,8,39.21,0.68,5.26,73.11,5,47.54,0.66,5.71,81.01,7
2025-05-07 00:00:00,43.89,0.6,5,63.47,5,50.42,0.6,5.05,57.24,6,67.91,0.69,5.02,80.77,6,78.32,0.62,5,77.63,6,65.43,0.6,5.19,59.68,7
2025-05-08 00:00:00,90.82,0.78,5.1,85.85,6,45.06,0.65,5,81.76,9,56.19,0.74,5.22,67.35,10,43.47,0.61,5,90.67,5,64.22,0.6,5.04,76.87,6
2025-05-09 00:00:00,45.61,0.6,5,81.77,7,27.5,0.63,5.17,66.78,8,66.33,0.7,5,96.44,7,62.93,0.6,5.02,69.12,5,64.35,0.6,5,89.92,7
2025-05-10 00:00:00,64.8,0.61,5.34,67.94,5,66.27,0.65,5.17,78.09,5,48.48,0.63,5,81.75,5,57.22,0.63,5,92.94,6,56.75,0.6,5.1,65.43,8
2025-05-11 00:00:00,69.03,0.6,5,75.64,5,73.4,0.68,5,80.75,5,37.89,0.6,5.39,70.35,9,92.4,0.61,5.02,77.99,5,36.39,0.6,5.22,82.24,7
2025-05-12 00:00:00,57.65,0.63,5,75.65,7,59.02,0.63,5,61.77,7,52.43,0.79,5.19,82.49,7,72.64,0.6,5.33,74.04,8,86.63,0.6,5,86.31,6
2025-05-13 00:00:00,91.05,0.6,5,67.39,5,42.63,0.63,5,72.58,7,45.84,0.6,5.3,71.35,6,77.92,0.6,5.34,84.83,6,88.66,0.6,5,80.03,7
2025-05-14 00:00:00,91.72,0.71,5.17,74.64,5,47.29,0.6,5,71.09,5,61.12,0.6,5.02,58,5,58.81,0.6,5.18,62.25,7,53.47,0.64,5,69.85,5
2025-05-15 00:00:00,68.89,0.6,5,65.02,8,78.56,0.65,5.23,66.91,10,71.46,0.71,5,83.48,8,65.49,0.63,5,75.8,5,63.24,0.6,5,73.25,8
2025-05-16 00:00:00,39.19,0.6,5,74.16,5,53.85,0.74,5.2,60.21,9,43.5,0.74,5.35,94.25,7,81.49,0.6,5.74,63.91,6,47.77,0.82,5,68.1,7
2025-05-17 00:00:00,68.34,0.62,5.03,80.27,5,77.31,0.7,5,66.91,5,68.88,0.6,5.29,92.81,7,53.27,0.65,5.1,77.5,10,58.22,0.6,5.02,52.81,5
2025-05-18 00:00:00,35.93,0.61,5.3,71.53,5,68.33,0.79,5,79.93,5,41.15,0.64,5,73.76,5,68.43,0.63,5.22,75.46,7,67.97,0.62,5,79.59,7
2025-05-19 00:00:00,70.98,0.68,5,85.34,5,77.41,0.85,5.38,72.38,9,58.58,0.6,5.36,61.15,5,62.06,0.61,5.35,66.49,7,33.29,0.6,5.19,84.92,8
2025-05-20 00:00:00,75.31,0.65,5.03,80.2,8,67.56,0.72,5,78.52,5,69.31,0.64,5.03,80.58,5,62.71,0.6,5.72,59.91,7,68.59,0.6,5,63.46,8
2025-05-21 00:00:00,67.25,0.66,5,59.62,8,62.05,0.6,5,81.1,5,56.59,0.6,5,69.79,5,64.18,0.68,5,82.5,7,63.94,0.79,5,76.43,8
2025-05-22 00:00:00,81.64,0.6,5.01,76.46,5,58.06,0.76,5.19,64.9,8,53.06,0.6,5.06,73.78,7,35.45,0.6,5.28,68.31,6,59.16,0.87,5.05,63.78,5
2025-05-23 00:00:00,65.24,0.6,5.07,71.98,6,49.59,0.75,5.16,68.83,5,50.2,0.6,5.12,70.1,8,48.23,0.6,5.14,60.97,10,69.38,0.6,5.16,68.51,5
2025-05-24 00:00:00,48.27,0.6,5,70.37,5,54.95,0.6,5,84.66,6,78.77,0.63,5.44,78,8,46.01,0.71,5,72.12,7,44.75,0.6,5,75.85,6
2025-05-25 00:00:00,55.29,0.62,5.46,60.64,5,62.46,0.6,5.14,77.27,7,61.62,0.6,5.31,68.83,5,38.3,0.6,5.24,72.14,7,41.61,0.6,5,69.37,5
2025-05-26 00:00:00,78.82,0.72,5,81.4,8,50.06,0.61,5.01,68.48,5,78.94,0.6,5,81.91,5,74.81,0.6,5.12,69.09,6,78.15,0.6,5,64.83,7
2025-05-27 00:00:00,28.29,0.75,5.23,64.35,5,72.49,0.76,5,66.56,5,51.46,0.6,5,73.78,10,28.79,0.7,5.49,89.46,8,64.62,0.6,5,73.77,8
2025-05-28 00:00:00,65.13,0.6,5.2,81.05,8,59.26,0.62,5.16,71.14,6,71.79,0.6,5.06,62.58,8,47.73,0.65,5.35,82.37,5,56.49,0.88,5,60.32,8
2025-05-29 00:00:00,41.37,0.6,5,79.37,6,68.15,0.69,5.18,59.48,6,59.53,0.67,5.62,73.69,8,67.2,0.6,5,67.52,8,53.06,0.75,5,69.69,9
2025-05-30 00:00:00,95.71,0.6,5.42,85.08,8,70.58,0.6,5,67.35,7,40.21,0.68,5.01,92.2,9,73.02,0.6,5.16,72.5,6,77.33,0.7,5.08,90.67,7
2025-05-31 00:00:00,37.03,0.78,5,69.17,5,36.56,0.6,5,62.94,7,65.74,0.6,5.15,79.37,8,44.4,0.61,5.37,61.65,7,67.93,0.62,5,90.9,9
2025-06-01 00:00:00,24.79,0.6,5,84.31,5,70.15,0.6,5,78.69,5,52.8,0.65,5.33,69.58,8,71.45,0.6,5,70.36,6,66.17,0.69,5.14,62.12,5
2025-06-02 00:00:00,73.85,0.61,5.1,65.35,10,60.46,0.6,5.52,81.62,5,64.59,0.6,5.23,72.04,7,62.04,0.6,5.27,62.37,5,64.15,0.62,5,77.46,5
2025-06-03 00:00:00,72.7,0.6,5.62,88.97,10,77.07,0.6,5,67.49,5,63.3,0.6,5,97.7,5,52.49,0.6,5.13,57.72,5,62.95,0.73,5,85.76,5
2025-06-04 00:00:00,47.54,0.63,5.42,77.41,10,60.16,0.6,5,92.66,10,85.58,0.63,5.13,75.52,6,42.62,0.6,5,79.94,7,44.11,0.6,5,81.71,6
2025-06-05 00:00:00,55.84,0.6,5,73.5,7,59.21,0.6,5,62.32,5,72.19,0.74,5.4,85.49,9,73.39,0.6,5,70.09,5,74.31,0.6,5.3,71.92,6
2025-06-06 00:00:00,37.23,0.6,5,75.28,7,43.35,0.68,5,69.09,8,23.98,0.6,5.04,83.07,8,48.4,0.7,5,84.09,9,37.79,0.6,5.41,74.04,10
2025-06-07 00:00:00,54.96,0.69,5,82.12,7,32.04,0.85,5.1,67.86,7,63.78,0.6,5.49,49.85,8,77.49,0.65,5,73.71,8,85.03,0.6,5,78,5
2025-06-08 00:00:00,70.69,0.6,5,65.77,7,61.31,0.74,5.47,77.37,7,62.95,0.6,5,75.45,5,78.64,0.73,5.11,60.72,5,56.11,0.6,5.04,74.33,5
2025-06-09 00:00:00,62.35,0.6,5,74.74,10,60.57,0.65,5.1,72.75,6,71.34,0.6,5.07,49.65,6,37.83,0.6,5,72.77,10,55.14,0.6,5,77.75,9
2025-06-10 00:00:00,56.96,0.64,5,68.23,8,54.79,0.6,5.02,80.91,7,69.03,0.6,5,51.53,5,47.43,0.82,5,81.57,5,84.19,0.7,5,74.51,5
2025-06-11 00:00:00,48.78,0.6,5,74.15,10,82.18,0.72,5.11,79.35,7,74.28,0.6,6.01,72.84,8,54.91,0.6,5,97.24,5,38.7,0.62,5.45,49.75,7
2025-06-12 00:00:00,75.56,0.65,5.41,66.65,7,58.78,0.6,5,79.55,10,62.32,0.66,5.14,74.24,5,62.81,0.6,5.19,84.56,5,85.47,0.72,5.51,63.69,5
2025-06-13 00:00:00,86.75,0.75,5.01,74.66,9,60.58,0.6,5,86.55,7,93.08,0.6,5,66.91,8,76.22,0.6,5.32,78.36,5,77.98,0.64,5.61,68.07,7
2025-06-14 00:00:00,81.6,0.6,5,82.6,5,87.99,0.6,5,73.84,6,66.39,0.62,5,71.48,6,37,0.61,5.58,70.81,9,48.69,0.72,5,92.91,5
2025-06-15 00:00:00,39.45,0.6,5,65.74,6,57.14,0.6,5.1,70.02,7,60.72,0.71,5,84.8,5,67.31,0.6,5.01,95.54,8,48.15,0.6,5,81.71,6
2025-06-16 00:00:00,63.03,0.6,5.41,73.72,5,48.97,0.6,5.01,72.38,9,66.96,0.6,5,79.74,7,56.53,0.6,5,74.18,9,78.2,0.6,5,70.7,6
2025-06-17 00:00:00,47.56,0.6,5,84.33,9,100,0.6,5,70.02,6,48.89,0.6,5.2,68.52,5,50.41,0.62,5.26,73.08,10,60.28,0.61,5,86.84,5
2025-06-18 00:00:00,55.27,0.6,5.3,77.7,10,76.23,0.73,5.71,62.36,5,31.46,0.6,5.38,64.07,7,88.24,0.6,5.16,73.82,7,69.13,0.64,5.46,60.45,7
2025-06-19 00:00:00,67.18,0.71,5,85.03,6,90.19,0.72,5.2,77.29,7,66.02,0.75,5.17,82.63,7,62.53,0.6,5,79.48,7,68.81,0.66,5,85.55,5
2025-06-20 00:00:00,100,0.6,5,61.66,7,54.88,0.6,5.41,62.99,5,83.05,0.68,5,76.39,10,50.32,0.6,5,77.28,5,76.14,0.67,5,54.56,7
2025-06-21 00:00:00,65.96,0.6,5.77,65.88,5,68.46,0.6,5.06,76.62,5,35.89,0.6,5,78.58,5,46.47,0.6,5,83.7,8,97.98,0.66,5.17,87.14,7
2025-06-22 00:00:00,61.4,0.64,5,74.83,5,80.57,0.6,5,77.14,5,50.49,0.62,5.38,71.4,5,67.3,0.6,5.59,58.98,5,34.89,0.66,5.12,63.38,5
2025-06-23 00:00:00,53.41,0.65,5,84.89,5,51.1,0.72,5.24,63.24,5,38.95,0.61,5,76,7,79.68,0.6,5.04,75.78,7,49.67,0.69,5,71.03,10
2025-06-24 00:00:00,70.52,0.6,5.43,69.07,9,55.63,0.68,5,71.54,7,98.69,0.62,5,80.3,7,82.69,0.6,5.19,90.7,5,79.94,0.6,5.18,62.29,8
2025-06-25 00:00:00,36.02,0.61,5,83.76,5,52.2,0.76,5,64.15,9,80.55,0.65,5,79.01,10,72.61,0.6,5,74.05,6,56.52,0.6,5,58.37,5
2025-06-26 00:00:00,72.46,0.6,5.3,65.54,5,74.85,0.6,5,81.57,6,64.43,0.8,5.5,84.77,5,47.47,0.72,5,83.13,9,71.87,0.67,5,73.91,5
2025-06-27 00:00:00,75.22,0.64,5,88.8,6,55.17,0.68,5,63.78,5,69.79,0.6,5.38,77.05,6,56.5,0.6,5,71.25,9,54.08,0.6,5.32,77.37,5
2025-06-28 00:00:00,46.92,0.6,5,64.56,5,51.59,0.77,5,76.63,5,70.95,0.6,5.68,76.09,9,40.32,0.74,5.45,65.74,6,77.08,0.62,5,79.43,7
2025-06-29 00:00:00,86.44,0.6,5.52,89.26,6,47.01,0.65,5.88,60.93,8,67.35,0.6,5,88.64,7,61.29,0.71,5,58.69,7,62.34,0.6,5,89.72,8
2025-06-30 00:00:00,97.02,0.6,5,68.95,5,56.04,0.6,5,67.81,7,55.75,0.61,5.39,94.84,6,67.01,0.71,5,79.09,10,82.85,0.6,5,69.37,5
2025-07-01 00:00:00,49.56,0.82,5,70.53,9,78,0.6,5.31,100,8,58.14,0.64,5.24,67.03,5,47.08,0.97,5,86.2,8,85.99,0.6,5.36,61.01,7
2025-07-02 00:00:00,73.98,0.66,5.37,65.68,6,36.41,0.6,5,70.58,7,68.1,0.6,5,98.81,7,63.37,0.6,5,60.49,5,61.25,0.64,5.2,66.9,6
2025-07-03 00:00:00,54.18,0.68,5.03,72.26,7,69.74,0.6,5.15,60.94,8,74.39,0.65,5,93.93,6,65.21,0.78,5,91.64,7,43.07,0.72,5,72.23,5
2025-07-04 00:00:00,50.86,0.68,5.71,95.51,6,71.27,0.73,5,66.18,5,52.62,0.62,5,88.68,5,86.13,0.72,5,81.09,9,63.44,0.6,5,53.65,9
2025-07-05 00:00:00,74.61,0.62,5.36,79.2,5,59.13,0.6,5.1,69.02,8,52.33,0.6,5.19,61.23,8,60.16,0.7,5,86.75,9,60.27,0.6,5,68.79,5
2025-07-06 00:00:00,66.96,0.74,5.09,71.67,6,52.52,0.64,5,68.86,5,59.3,0.6,5,67.3,9,54.61,0.62,5.25,58.7,5,67.36,0.61,5,64.15,6
2025-07-07 00:00:00,41.53,0.66,5,69.6,6,53.59,0.6,5,66.78,7,56.04,0.6,5.64,64.9,7,79.67,0.61,5.08,70.44,5,51.02,0.63,5,72.03,5
2025-07-08 00:00:00,37.93,0.87,5,81.79,7,82.57,0.6,5,82.49,9,69.27,0.6,5,74.55,5,71.27,0.66,5,55.35,7,45.82,0.65,5,73.2,5
2025-07-09 00:00:00,64.82,0.7,5,61.25,7,78.03,0.71,5.05,81.84,5,75.51,0.6,5.44,66.65,5,20,0.69,5.13,71.28,5,64.53,0.79,5.02,81.42,8
2025-07-10 00:00:00,39.23,0.77,5,79.53,5,70.11,0.6,5.45,72.47,5,57.45,0.6,5,75.67,9,49.3,0.62,5,71.71,7,41.51,0.6,5,80.48,5
2025-07-11 00:00:00,41.5,0.6,5.01,79.16,7,67.51,0.6,5.49,91.22,9,58.54,0.65,5,85.26,5,75.24,0.6,5.07,90.19,6,75.89,0.6,5.23,67.66,7
2025-07-12 00:00:00,57.4,0.6,5.31,71.39,5,50.29,0.65,5,74.76,7,46.71,0.6,5.03,71.96,5,44.97,0.6,5.13,72.81,6,69.98,0.6,5,76.21,5
2025-07-13 00:00:00,53.9,0.6,5.13,76.37,8,36.12,0.71,5,62.04,9,40.03,0.64,5.1,86.78,5,89.45,0.71,5,70.71,9,43.81,0.6,5,74.93,8
2025-07-14 00:00:00,67.48,0.6,5.44,72.95,5,52.95,0.71,5.14,73.75,5,61.87,0.67,5,92.78,7,43.18,0.6,5.37,72.86,7,76.31,0.6,5.48,79.64,5
2025-07-15 00:00:00,92.58,0.6,5.28,79.2,6,62.95,0.64,5.23,77.06,5,75.61,0.6,5.28,65.38,8,73.81,0.7,5.17,60.48,5,67.36,0.83,5.04,69.4,6
2025-07-16 00:00:00,41.8,0.6,5.12,74.29,6,69.48,0.71,5,81.44,8,44.77,0.68,5,64.8,5,48.92,0.81,5,62.27,6,45.75,0.6,5.41,75.35,10
2025-07-17 00:00:00,84.67,0.6,5,81.96,5,34.49,0.6,5.16,51.01,6,41.12,0.6,5,90.24,6,67.63,0.65,5,82.16,7,42.32,0.6,5.08,76.17,5
2025-07-18 00:00:00,40.02,0.69,5,69.69,6,39.7,0.64,5.18,68.72,5,69.69,0.71,5.15,57.93,8,52.59,0.63,5.12,73.71,5,44.91,0.6,5.15,86,10
2025-07-19 00:00:00,62.3,0.6,5,77.33,5,42.31,0.6,5,76.59,6,38.79,0.6,5,55.97,6,65.63,0.72,5,67.17,7,74.92,0.68,5,64.54,8
2025-07-20 00:00:00,78.13,0.62,5,74.42,5,71.69,0.6,5,82.34,7,49.06,0.68,5.34,77.31,7,65.6,0.67,5.55,70.92,6,46.13,0.65,5,78.6,7
2025-07-21 00:00:00,98.78,0.6,5.37,66.53,9,58.46,0.61,5.45,79.61,6,55.14,0.6,5,82.9,5,65.77,0.62,5.12,91.03,7,57.65,0.61,5.17,72.2,7
2025-07-22 00:00:00,35.33,0.6,5,64.34,7,57,0.61,5.4,89.61,8,57.68,0.6,5.46,66.51,7,71.82,0.6,5.24,71.57,8,81.43,0.71,5,82.09,6
2025-07-23 00:00:00,88.11,0.6,5,84.67,5,41.09,0.6,5,72.47,7,69.23,0.6,5.1,87.49,8,48.86,0.63,5.01,65.26,5,64.14,0.69,5.23,73.21,6
2025-07-24 00:00:00,60.17,0.6,5,52.27,7,65.72,0.6,5.07,84.66,8,59.9,0.6,5.3,69.17,8,65.59,0.68,5.39,89.2,7,86.93,0.71,5.33,80.56,9
2025-07-25 00:00:00,64.13,0.71,5,49.5,5,52.09,0.6,5,65.28,5,66.98,0.73,5,63.53,8,75.57,0.71,5.3,63.29,7,74.3,0.6,5,79.61,9
2025-07-26 00:00:00,70.22,0.64,5,81.09,5,46.32,0.6,5,83.32,7,53.53,0.6,5,76.28,5,91.49,0.66,5.09,84.72,9,83.59,0.6,5.02,75.69,5
2025-07-27 00:00:00,91.25,0.6,5.58,83.39,5,44.9,0.6,5,65.45,6,49,0.6,5.31,75.37,5,53.78,0.71,5.13,69.89,7,67.54,0.63,5.13,77.08,8
2025-07-28 00:00:00,99.68,0.6,5.33,82.89,8,48.57,0.6,5,83.3,5,44.07,0.64,5,85.1,7,42.38,0.66,5.19,76.47,5,32.4,0.67,5,78.67,6
2025-07-29 00:00:00,68.19,0.68,5.05,89.74,5,76.57,0.63,5,77.16,5,65.19,0.65,5,84.49,5,81.69,0.6,5.55,82.29,7,41.2,0.82,5.25,74.79,10
2025-07-30 00:00:00,52.35,0.6,5.15,79.98,5,51.42,0.68,5.38,63.25,7,52.92,0.6,5.36,68.93,6,58.72,0.78,5,72.64,7,42.13,0.76,5.06,89.84,6
2025-07-31 00:00:00,49.49,0.6,5,82.81,5,40.75,0.65,5,83.53,5,58.91,0.6,5.2,67.34,6,75.11,0.6,5,82.84,5,60.55,0.6,5,91.44,9
2025-08-01 00:00:00,27.15,0.75,5,75.15,5,56.66,0.71,5,67.01,10,51.88,0.63,5.31,64.53,10,65.87,0.61,5.11,72.55,9,44.76,0.6,5.3,74.95,5
2025-08-02 00:00:00,36.95,0.73,5,80.04,8,67.41,0.6,5.51,69.04,7,27.14,0.68,5.31,89.42,5,61.31,0.65,5.19,66.1,6,62.29,0.6,5,67.81,5
2025-08-03 00:00:00,77.97,0.61,5.03,91.96,6,38.05,0.71,5,69.03,6,59.88,0.8,5.08,75.34,7,40.72,0.66,5.28,90.75,6,81.11,0.6,5,68.98,8
2025-08-04 00:00:00,34.34,0.6,5.21,78.75,8,63.94,0.6,5.05,74.99,10,50.92,0.61,5.06,67.19,8,59.87,0.67,5.36,78,5,75.39,0.6,5,63.14,7
2025-08-05 00:00:00,41.68,0.63,5.34,65.12,5,20,0.6,5,92.9,5,38.31,0.73,5.07,67.77,5,74.36,0.6,5.8,81.29,8,62.47,0.6,5,77.61,9
2025-08-06 00:00:00,51.88,0.6,5,61.76,8,68.13,0.65,5.06,76.35,5,60.93,0.63,5,79.81,8,77.65,0.66,5,84.11,10,91.46,0.61,5,71.2,7
2025-08-07 00:00:00,49.83,0.61,5.15,82.45,6,65.36,0.6,5.22,86.09,7,61.97,0.6,5.7,71.42,8,56.48,0.62,5,68.68,5,54.65,0.63,5.14,56.67,6
2025-08-08 00:00:00,46.96,0.73,5,61.52,8,33.32,0.6,5,92.63,7,79.13,0.6,5,68.08,7,56.58,0.6,5,83.9,6,55,0.6,5,95.03,6
2025-08-09 00:00:00,44.84,0.65,5.06,67.73,6,54.06,0.79,5,69.22,6,82.42,0.7,5.1,66.2,5,60.1,0.6,5.53,68.15,7,73.23,0.6,5.09,83.6,5
2025-08-10 00:00:00,51.36,0.63,5,66.7,9,64.04,0.8,5,81.71,6,51.33,0.6,5.01,91.52,5,51.71,0.68,5,84.01,5,71.97,0.7,5,71.71,9
2025-08-11 00:00:00,83.4,0.6,5.1,95.85,10,75.19,0.77,5.12,80.17,5,71.88,0.62,5.64,85.86,10,57.4,0.6,5.68,87.88,8,36.89,0.71,5.09,68.88,5
2025-08-12 00:00:00,71.96,0.7,5,71.56,5,67.03,0.71,5.27,67.38,6,82.91,0.63,5,58.34,5,53.29,0.6,5,68.64,7,100,0.6,5,71.1,10
2025-08-13 00:00:00,63.03,0.6,5,70.18,5,52.61,0.6,5.07,68.08,8,73.18,0.65,5,87.7,8,75.25,0.67,5.21,82.87,6,32.76,0.68,5.16,75.9,6
2025-08-14 00:00:00,49.92,0.66,5,81.79,8,69.95,0.61,5,63.04,8,49.5,0.67,5,66.41,7,39.13,0.6,5.17,70.34,9,54.34,0.71,5,62.39,5
2025-08-15 00:00:00,62.94,0.6,5,76.14,7,57.75,0.6,5.24,78.04,6,71.97,0.6,5,73.87,9,56.1,0.6,5.16,81,8,55.84,0.6,5.19,75.25,7
2025-08-16 00:00:00,65.34,0.6,5.29,54.62,5,55.97,0.6,5.12,67.14,8,61.12,0.6,5,61.07,5,49.81,0.62,5.24,52.37,6,63.67,0.6,5,60.85,9
2025-08-17 00:00:00,47.59,0.64,5.15,68.99,6,84.14,0.6,5.41,71.67,10,74.46,0.75,5.54,73.99,5,60.82,0.6,5.31,72.41,8,60.26,0.74,5,92.71,5
2025-08-18 00:00:00,43.11,0.6,5.21,49.99,7,72.6,0.77,5.21,81.11,8,64.66,0.6,5,73.04,5,61.1,0.67,5.08,88.11,10,71.17,0.65,5,65.2,6
2025-08-19 00:00:00,64.83,0.63,5.46,74.24,10,67.14,0.6,5.44,74.93,6,61.61,0.63,5,84.21,10,32.76,0.62,5.55,74.67,5,66.49,0.6,5.05,76.99,8
2025-08-20 00:00:00,49.36,0.61,5,79.44,5,36,0.6,5,95.06,9,100,0.7,5.28,72.38,5,80.93,0.6,5,75.67,8,63.86,0.6,5.2,74.34,5
2025-08-21 00:00:00,48.71,0.6,5.24,71.47,5,42.48,0.6,5,80.91,7,51.1,0.66,5.25,68.7,9,69.14,0.67,5.47,60.47,5,37.45,0.6,5,70.71,5
2025-08-22 00:00:00,60.12,0.67,5,90.73,7,35.09,0.83,5,80.01,5,58.6,0.68,5.25,79.84,6,63.82,0.79,5,59.26,7,46.75,0.6,5,80.41,5
2025-08-23 00:00:00,59.37,0.63,5,49.11,6,72.54,0.6,5,54.03,10,79.42,0.63,5,70.2,5,42.69,0.6,5,90.45,8,73.98,0.6,5,86.1,6
2025-08-24 00:00:00,44.93,0.6,5,87.37,5,62.26,0.6,5.17,70.41,5,63.1,0.63,5.35,62.43,7,41.69,0.68,5.33,73.65,7,77.2,0.6,5.39,70.38,6
2025-08-25 00:00:00,85.55,0.62,5,69.79,6,66.47,0.6,5.21,73.3,7,51.68,0.67,5,82.01,7,59.88,0.6,5.34,83.18,8,57.44,0.6,5,82.03,9
2025-08-26 00:00:00,65.21,0.69,5.11,74.36,5,69.83,0.6,5,71.13,6,65.13,0.6,5,69.99,6,74.31,0.81,5,80.32,5,63.78,0.66,5,79.05,7
2025-08-27 00:00:00,57.65,0.6,5.28,66.92,7,48.68,0.6,5.06,83.58,5,63.47,0.78,5,71.18,7,73.05,0.68,5.68,96.79,5,57.02,0.66,5,59.02,10
2025-08-28 00:00:00,71.82,0.6,5.17,72.63,5,31.89,0.64,5,79.48,9,76.72,0.69,5,74.96,5,40.86,0.85,5.15,75.34,6,90.12,0.67,5.19,82.49,8
2025-08-29 00:00:00,82.06,0.69,5.29,76.64,6,47.61,0.6,5,53.57,6,94.82,0.72,5,57.27,5,68.04,0.6,5.08,73.79,7,70.43,0.6,5,70.97,5
2025-08-30 00:00:00,60.76,0.6,5.25,60,7,65.61,0.76,5.45,69.03,10,52.75,0.6,5,83.67,5,100,0.64,5.39,74.45,9,46.12,0.61,5.16,68.23,8
2025-08-31 00:00:00,20.44,0.6,5,66.85,7,63.72,0.65,5.31,77.64,7,67.38,0.61,5.11,73.52,6,49.02,0.79,5,94.16,6,48.35,0.68,5.02,76.71,5
2025-09-01 00:00:00,41.26,0.6,5.17,63.28,5,59.09,0.7,5.13,65.31,7,71.16,0.69,5,83.5,5,58.37,0.6,5.02,53.37,8,67.53,0.6,5.02,72.42,8
2025-09-02 00:00:00,59.19,0.6,5,62.37,5,74.55,0.67,5.31,68.63,5,59.77,0.6,5,100,10,56.96,0.71,5.1,86.87,7,67.85,0.82,5,83.46,7
2025-09-03 00:00:00,62.39,0.62,5,76.67,5,47.44,0.67,5.15,65.44,8,34.48,0.66,5.39,83.13,8,85.16,0.83,5.44,76.2,5,72.21,0.66,5,68.47,5
2025-09-04 00:00:00,82.32,0.6,5.3,71,9,84.87,0.64,5,82.19,7,49.12,0.6,5,74.25,6,37.74,0.6,5.36,85.33,9,56.45,0.76,5.34,88.19,7
2025-09-05 00:00:00,68.33,0.63,5,78.81,9,44.15,0.6,5,83.92,5,54.34,0.6,5,73.49,8,72.06,0.7,5,84.87,6,40.99,0.65,5.1,73.04,5
2025-09-06 00:00:00,56.08,0.6,5,71.63,7,51.39,0.63,5.16,83.55,10,37.73,0.63,5,90.48,6,45.05,0.6,5,68.79,9,54.79,0.66,5,59.88,7
2025-09-07 00:00:00,73.35,0.6,5,75.09,6,30.17,0.6,5,75.18,9,57.35,0.6,5.55,60.25,9,43.89,0.6,5.02,61.26,7,53.51,0.7,5,71.51,7
2025-09-08 00:00:00,50.67,0.71,5.09,95.31,8,61.44,0.69,5.15,59.86,5,100,0.6,5,79.78,5,83.73,0.63,5.13,73.85,7,67.95,0.72,5,83.97,6
2025-09-09 00:00:00,75.7,0.75,5,83.41,7,84.11,0.6,5,78.97,5,69.05,0.6,5.25,68.71,5,67.8,0.6,5,74.01,10,42.75,0.6,5.33,78.02,7
2025-09-10 00:00:00,36.23,0.6,5,63.95,5,76.18,0.6,5.47,87.65,5,67.07,0.6,5,82.25,5,59.27,0.79,5,64.75,8,53.39,0.6,5.32,82.01,6
2025-09-11 00:00:00,84.72,0.72,5.07,65.64,9,70.4,0.6,5,92.56,10,57.16,0.6,5.32,84.73,5,60.21,0.6,5.25,61.01,7,80.11,0.62,5.14,67.52,7
2025-09-12 00:00:00,57.98,0.6,5,77.06,6,86.43,0.6,5.45,72.93,8,49.48,0.6,5,79.11,5,52.81,0.6,5,68.7,5,87.73,0.6,5.12,71.71,8
2025-09-13 00:00:00,73.87,0.69,5,81.35,5,68.81,0.71,5.21,71.59,7,36.49,0.6,5.06,78.47,5,70.31,0.65,5,78.45,8,98.31,0.68,5,65.73,7
2025-09-14 00:00:00,56.89,0.6,5,66.86,8,60.47,0.6,5,72.35,10,49.89,0.6,5,72.46,7,74,0.79,5.18,87.12,6,75.33,0.6,5.09,76.36,9
2025-09-15 00:00:00,38.84,0.64,5.09,60.8,5,47.65,0.62,5.14,78.24,5,54.14,0.78,5.36,82.51,10,47.83,0.6,5.05,71.21,9,64.39,0.65,5.42,84.25,5
2025-09-16 00:00:00,57.13,0.6,5.38,71.35,7,40.99,0.66,5.23,68.57,7,40.1,0.6,5.67,73.33,6,57.43,0.68,5,84.37,8,60.29,0.6,5,62.88,7
2025-09-17 00:00:00,61.14,0.6,5,87.29,9,72.38,0.68,5,85.14,7,85.38,0.6,5,70.77,8,51.27,0.6,5,87.87,5,99.11,0.7,5,89.79,10
2025-09-18 00:00:00,64.17,0.6,5,77.08,9,42.27,0.7,5.12,85.72,5,62.74,0.69,5,65.98,5,52.28,0.6,5,93.56,6,77.66,0.6,5,85.35,6
2025-09-19 00:00:00,62.34,0.6,5.14,69.18,7,50.76,0.6,5.19,77.16,5,75.47,0.75,5.59,90.11,10,53.38,0.6,5,76.42,8,50.6,0.64,5.28,62.8,7
2025-09-20 00:00:00,66.87,0.6,5.16,72.27,5,54.24,0.6,5,57.91,10,41.35,0.64,5,75.58,8,28.7,0.6,5.14,88.47,5,75.81,0.6,5,71.76,5
2025-09-21 00:00:00,51.82,0.66,5.19,66.43,8,54.38,0.63,5.07,86.67,7,47.59,0.64,5,68.94,5,46.49,0.6,5.14,55.51,6,54.92,0.77,5.05,85.93,5
2025-09-22 00:00:00,34.16,0.6,5,79.61,8,69.76,0.67,5,79.88,6,67.56,0.62,5,83.07,5,61.26,0.6,5.13,80.11,6,49.56,0.6,5.33,84.72,7
2025-09-23 00:00:00,53.5,0.6,5.01,58.9,9,50.19,0.6,5,63.68,6,64.23,0.6,5,85.94,7,70.76,0.68,5,91.69,6,50.37,0.65,5.1,70.15,5
2025-09-24 00:00:00,39,0.6,5,70.36,5,49.49,0.67,5.02,93.71,5,93.62,0.65,5.11,84.82,8,75.86,0.6,5,67.17,7,72.13,0.6,5.13,76.67,7
2025-09-25 00:00:00,57.41,0.6,5.06,78.83,6,68.26,0.7,5.73,74.98,8,79.06,0.61,5.36,99.67,5,71.32,0.6,5.15,75.57,5,71.85,0.74,5.48,64.28,7
2025-09-26 00:00:00,55.88,0.6,5,69.65,6,51.46,0.66,5,74.22,5,71.23,0.6,5.06,64.71,8,65.23,0.6,5,77.69,6,46.14,0.6,5,67.21,5
2025-09-27 00:00:00,61.31,0.6,5.05,80.99,5,55.89,0.6,5.1,79.87,7,74.06,0.6,5.09,67.47,7,58.07,0.6,5,72.87,6,70.07,0.63,5.03,77.99,8
2025-09-28 00:00:00,52.16,0.67,5,82.23,5,71.01,0.69,5,63.45,8,78.79,0.6,5,70.3,5,51.78,0.6,5,60.56,7,35.4,0.61,5.29,57.98,8
2025-09-29 00:00:00,70.11,0.6,5.56,89.97,6,58.26,0.66,5.4,77.15,7,79.41,0.66,5,71.69,8,64.38,0.6,5,86.02,9,58.08,0.6,5.43,67.44,10
2025-09-30 00:00:00,69.51,0.68,5,72.98,5,49.42,0.6,5.03,75.96,9,81.47,0.72,5,76.83,6,76.25,0.73,5.16,85.79,5,63.61,0.71,5,81.99,6
2025-10-01 00:00:00,71.16,0.67,5,63.13,6,77.12,0.77,5.24,75.8,5,40.36,0.6,5,82.41,7,78.23,0.61,5.41,79.31,5,63.18,0.6,5,60.34,10
2025-10-02 00:00:00,66.41,0.6,5.35,60.41,7,51.03,0.6,5.02,65.58,8,60.8,0.64,5,82.23,8,74.18,0.74,5,85.15,9,76.47,0.66,5.38,82.03,6
2025-10-03 00:00:00,72.28,0.66,5,72.81,5,68.04,0.8,5.26,82.33,6,37.33,0.6,5,62.26,8,30.31,0.71,5.4,76.99,7,43.25,0.6,5.37,69.94,7
2025-10-04 00:00:00,75.09,0.73,5.15,55.91,6,60.94,0.6,5,85.42,6,45.46,0.6,5,59.5,5,52.86,0.63,5,88.69,6,52.25,0.88,5,79.54,8
2025-10-05 00:00:00,62.16,0.6,5,83.95,5,69.39,0.6,5.28,68.32,5,44.5,0.61,5.08,91.62,6,55.27,0.6,5,68.01,7,67.13,0.69,5.81,66.04,5
2025-10-06 00:00:00,26.75,0.63,5.25,64.12,7,75.6,0.6,5.24,76.43,5,80.37,0.6,5,67.69,5,51.97,0.69,5.59,86.42,7,79.45,0.6,5.05,81.69,10
2025-10-07 00:00:00,51.01,0.6,5.36,63.84,9,72.57,0.69,5.27,77.39,8,51.78,0.6,5.47,81.78,5,59.94,0.69,5,56.45,7,61.85,0.6,5,74.55,8
2025-10-08 00:00:00,85.48,0.7,5.33,67.56,5,54.18,0.61,5,76.79,9,20,0.68,5,71.75,7,56.12,0.6,5,69.7,8,76.51,0.6,5,71.67,7
2025-10-09 00:00:00,27.31,0.61,5,75.54,5,65.16,0.63,5.07,65.64,9,71.47,0.78,5,87.31,5,52.22,0.68,5.07,61.88,8,65.83,0.69,5,78.3,5
2025-10-10 00:00:00,62.56,0.75,5.41,67.82,9,54.11,0.6,5,68.63,5,57.96,0.73,5.16,79.42,5,79.78,0.6,5.08,78.62,8,53.3,0.6,5,75.32,5
2025-10-11 00:00:00,51.73,0.69,5.1,75.71,6,86.25,0.6,5.62,77.42,6,63.6,0.6,5.31,84.84,5,65.73,0.61,5.03,90.09,7,64.59,0.63,5.21,70.15,8
2025-10-12 00:00:00,83.67,0.6,5,69.33,5,64.4,0.6,5.38,71.16,8,49.58,0.6,5,88.45,8,56.65,0.66,5.46,76.93,5,61.73,0.6,5,74.04,10
2025-10-13 00:00:00,67.07,0.6,5,78.3,7,78.72,0.6,5,84.69,9,57.39,0.6,5,65.19,8,64.69,0.62,5.4,72.93,9,20,0.6,5.31,68.05,5
2025-10-14 00:00:00,56.83,0.68,5.21,86.81,7,26.53,0.6,5,74.87,7,54.08,0.6,5,75.34,5,31.73,0.6,5.51,72.53,5,38.23,0.66,5.01,70.56,7
2025-10-15 00:00:00,61.25,0.71,5.14,65.57,5,70.64,0.66,5.09,83.36,5,70.72,0.65,5,67.07,6,63.02,0.6,5,73.4,5,59.18,0.6,5.11,69.19,7
2025-10-16 00:00:00,35.24,0.6,5,73.24,6,61.43,0.65,5,73.57,9,81.06,0.76,5.39,83.51,6,38.67,0.6,5.42,66.57,5,58.77,0.64,5.11,77.72,5
2025-10-17 00:00:00,91.8,0.69,5,57.68,7,67.84,0.6,5,83.84,9,48.59,0.6,5.49,68.59,6,61.73,0.67,5.25,67.41,5,45.55,0.85,5.26,67.5,7
2025-10-18 00:00:00,72.24,0.64,5,72.24,5,43.18,0.6,5,89.65,8,63.14,0.67,5,85.6,7,46.12,0.63,5.68,73.61,5,58.37,0.72,5.25,71.08,7
2025-10-19 00:00:00,47.22,0.6,5,89.09,6,48.29,0.62,5,53.75,8,49.02,0.73,5.35,84.55,6,59.74,0.6,5,66.5,5,60.69,0.7,5,75.62,5
2025-10-20 00:00:00,52.28,0.6,5.27,82.6,6,54.03,0.6,5.55,87.14,6,66.9,0.6,5.13,73.55,5,76.7,0.6,5,95.36,10,25.3,0.6,5.31,98.69,8
2025-10-21 00:00:00,69.84,0.6,5.24,92.22,7,59.18,0.72,5,74.63,5,44.2,0.66,5.02,65.08,5,42.27,0.65,5.22,75.08,5,61.06,0.73,5.05,82.21,8
2025-10-22 00:00:00,50.69,0.69,5.31,75.8,8,55.96,0.67,5,78.39,5,52.93,0.6,5.12,95.24,6,59.96,0.6,5,78.2,8,53.77,0.6,5,82.12,7
2025-10-23 00:00:00,48.25,0.6,5,64.14,6,70.88,0.6,5.68,80.34,5,63.73,0.6,5,65.01,9,65.53,0.6,5,70.63,8,72.02,0.65,5,68.14,5
2025-10-24 00:00:00,74.42,0.6,5.86,83.76,6,69.15,0.75,5,60.62,5,84.33,0.6,5.2,60.74,6,48.69,0.6,5,63.76,8,62.19,0.6,5.37,83.76,7
2025-10-25 00:00:00,59.4,0.6,5.12,94.27,8,85.38,0.6,5.09,81.9,5,75.86,0.6,5,73.86,10,42.72,0.6,5,64.61,8,71.98,0.6,5,76.02,5
2025-10-26 00:00:00,67.62,0.6,5.44,73.67,7,43.78,0.7,5.21,58.56,7,57.87,0.77,5,76.33,8,56.19,0.6,5,80.85,5,73.38,0.6,5.19,73.98,5
2025-10-27 00:00:00,75.8,0.6,5.22,66.67,10,45.32,0.68,5,68.36,6,53.89,0.62,5.5,65.93,7,64.29,0.63,5.23,63.15,5,60.91,0.6,5,70.33,8
2025-10-28 00:00:00,48.9,0.64,5.32,60.9,5,73.34,0.6,5,61.4,8,73.26,0.6,5.29,67.33,7,60.39,0.6,5.24,73.44,5,61.75,0.9,5.24,78.98,9
2025-10-29 00:00:00,85.55,0.7,5,76.34,5,58.62,0.67,5.23,68.78,6,68.79,0.7,5,68.11,6,51.4,0.74,5,75.02,8,73.28,0.6,5.04,75.47,10
2025-10-30 00:00:00,76.02,0.6,5.41,87.2,9,47.81,0.73,5,92.23,7,63.08,0.6,5,68.84,8,84.63,0.67,5,74.18,7,25.73,0.69,5,87.94,5
2025-10-31 00:00:00,45.64,0.6,5,62.57,6,59.01,0.6,5.66,75.41,5,33.82,0.66,5.02,78.95,7,60.55,0.64,5.38,91.3,7,75.24,0.6,5.13,90.08,6
2025-11-01 00:00:00,41.77,0.6,5,69.78,6,64.9,0.6,5.47,81.44,5,59.38,0.6,5.07,59.43,5,69.51,0.89,5.16,65.03,5,62.55,0.63,5.26,71.81,8
2025-11-02 00:00:00,63.52,0.6,5,67.43,7,36.1,0.6,5,73.64,5,67.21,0.77,5.33,65.25,6,32.87,0.6,5.39,73.03,8,39.11,0.6,5,81,5
2025-11-03 00:00:00,66.61,0.62,5.45,81.6,9,73.42,0.6,5,68.95,5,38.58,0.6,5,80.46,8,50.48,0.6,5,76.16,5,76.53,0.62,5,78.56,8
2025-11-04 00:00:00,50.52,0.6,5.24,70.61,5,42.83,0.61,5.35,77.98,8,47.36,0.68,5,84.89,8,52.25,0.6,5.38,68.95,5,41.33,0.78,5,94.79,5
2025-11-05 00:00:00,57.7,0.67,5.1,86.97,5,73.49,0.6,5,89.3,5,83.39,0.6,5,67.33,6,35.32,0.62,5,75.53,8,55.54,0.6,5.12,85.56,8
2025-11-06 00:00:00,58.23,0.6,5,65.87,5,69.65,0.6,5,57.25,10,70.03,0.6,5,87.85,8,66.46,0.6,5.55,73.63,5,56.32,0.6,5,73.29,9
